transaction_id,date,revenue,cost,product,partner
T00001,2022-01-01,2138.15,1031.68,Service C,Partner Y
T00002,2022-01-02,1741.51,736.52,Service D,Partner W
T00003,2022-01-03,617.11,393.85,Service B,Partner Z
T00004,2022-01-04,1123.91,509.18,Service A,Partner Z
T00005,2022-01-05,1834.38,958.37,Service C,Partner X
T00006,2022-01-06,3690.74,2002.86,Service D,Partner Z
T00007,2022-01-07,1488.63,726.39,Service C,Partner W
T00008,2022-01-08,3025.21,1942.5,Service D,Partner Z
T00009,2022-01-09,4138.07,2635.37,Service D,Partner X
T00010,2022-01-10,4135.39,1679.22,Service B,Partner Z
T00011,2022-01-11,4705.86,3240.88,Service C,Partner Y
T00012,2022-01-12,2236.82,896.47,Service D,Partner Y
T00013,2022-01-13,1880.17,1136.57,Service B,Partner Y
T00014,2022-01-14,1397.77,882.59,Service A,Partner X
T00015,2022-01-15,2509.74,1684.59,Service B,Partner W
T00016,2022-01-16,4544.85,2381.68,Service C,Partner Z
T00017,2022-01-17,3384.83,1576.83,Service C,Partner Y
T00018,2022-01-18,4134.91,2923.05,Service D,Partner Z
T00019,2022-01-19,4619.86,2154.61,Service D,Partner Z
T00020,2022-01-20,4830.49,3464.83,Service D,Partner Z
T00021,2022-01-21,1297.76,751.38,Service B,Partner X
T00022,2022-01-22,2450.11,1090.01,Service A,Partner Y
T00023,2022-01-23,515.19,311.86,Service D,Partner X
T00024,2022-01-24,1792.82,1148.66,Service B,Partner W
T00025,2022-01-25,3354.4,1431.55,Service D,Partner W
T00026,2022-01-26,760.32,529.92,Service D,Partner Y
T00027,2022-01-27,1546.47,839.71,Service D,Partner X
T00028,2022-01-28,2931.82,1845.28,Service A,Partner W
T00029,2022-01-29,1307.08,787.42,Service B,Partner X
T00030,2022-01-30,2764.71,1658.98,Service D,Partner Y
T00031,2022-01-31,1781.72,1019.39,Service B,Partner Z
T00032,2022-02-01,1053.35,703.18,Service B,Partner Y
T00033,2022-02-02,4305.13,1959.62,Service B,Partner W
T00034,2022-02-03,3068.73,1763.47,Service A,Partner X
T00035,2022-02-04,2921.11,2286.79,Service D,Partner Y
T00036,2022-02-05,683.25,302.02,Service B,Partner Z
T00037,2022-02-06,2414.91,1708.36,Service B,Partner X
T00038,2022-02-07,3024.53,1513.1,Service B,Partner Y
T00039,2022-02-08,4179.18,2598.1,Service D,Partner Z
T00040,2022-02-09,3549.04,1819.61,Service D,Partner Z
T00041,2022-02-10,4938.68,2380.35,Service D,Partner X
T00042,2022-02-11,4305.72,3331.6,Service B,Partner X
T00043,2022-02-12,1836.99,1170.57,Service B,Partner W
T00044,2022-02-13,3099.91,2453.19,Service A,Partner X
T00045,2022-02-14,1361.9,766.76,Service C,Partner X
T00046,2022-02-15,1993.49,1074.56,Service B,Partner Z
T00047,2022-02-16,4579.73,1974.88,Service D,Partner Z
T00048,2022-02-17,4114.11,2580.08,Service C,Partner Y
T00049,2022-02-18,4819.39,3531.06,Service D,Partner W
T00050,2022-02-19,1310.24,883.66,Service A,Partner X
T00051,2022-02-20,2951.62,1491.93,Service A,Partner Z
T00052,2022-02-21,4465.9,2276.4,Service D,Partner Y
T00053,2022-02-22,2219.85,989.97,Service A,Partner W
T00054,2022-02-23,3595.59,1838.99,Service B,Partner X
T00055,2022-02-24,3739.96,1994.81,Service C,Partner Z
T00056,2022-02-25,4926.76,3648.65,Service D,Partner W
T00057,2022-02-26,3045.44,2072.24,Service A,Partner Y
T00058,2022-02-27,4081.11,2622.16,Service B,Partner X
T00059,2022-02-28,1161.09,752.32,Service D,Partner Z
T00060,2022-03-01,985.73,482.47,Service D,Partner W
T00061,2022-03-02,4384.64,2760.0,Service B,Partner Y
T00062,2022-03-03,2227.16,1449.19,Service B,Partner W
T00063,2022-03-04,1253.83,508.66,Service C,Partner W
T00064,2022-03-05,3163.29,2115.97,Service A,Partner X
T00065,2022-03-06,4229.11,2022.58,Service A,Partner W
T00066,2022-03-07,3694.92,1569.23,Service D,Partner X
T00067,2022-03-08,2212.98,1751.31,Service C,Partner Z
T00068,2022-03-09,789.99,386.43,Service A,Partner X
T00069,2022-03-10,710.9,362.16,Service B,Partner Z
T00070,2022-03-11,4816.65,3646.96,Service A,Partner Z
T00071,2022-03-12,1307.05,717.7,Service D,Partner Y
T00072,2022-03-13,2145.99,1554.34,Service C,Partner Z
T00073,2022-03-14,591.43,291.8,Service B,Partner Y
T00074,2022-03-15,2374.71,1768.39,Service B,Partner W
T00075,2022-03-16,3042.87,1519.86,Service A,Partner Z
T00076,2022-03-17,1046.65,643.71,Service B,Partner W
T00077,2022-03-18,3227.74,1424.09,Service A,Partner X
T00078,2022-03-19,1057.48,531.59,Service D,Partner Z
T00079,2022-03-20,4162.21,2903.95,Service B,Partner Z
T00080,2022-03-21,2107.34,1045.84,Service C,Partner W
T00081,2022-03-22,1469.35,809.98,Service A,Partner Y
T00082,2022-03-23,1343.21,854.12,Service C,Partner W
T00083,2022-03-24,1086.24,834.49,Service A,Partner W
T00084,2022-03-25,3212.88,2540.06,Service A,Partner W
T00085,2022-03-26,931.8,440.49,Service C,Partner X
T00086,2022-03-27,3222.76,2381.24,Service B,Partner Z
T00087,2022-03-28,936.28,716.87,Service A,Partner Z
T00088,2022-03-29,4186.93,2891.47,Service A,Partner Z
T00089,2022-03-30,556.31,428.22,Service B,Partner X
T00090,2022-03-31,783.79,414.87,Service B,Partner X
T00091,2022-04-01,4607.74,3221.35,Service C,Partner Y
T00092,2022-04-02,1463.86,844.62,Service D,Partner X
T00093,2022-04-03,556.1,342.08,Service D,Partner W
T00094,2022-04-04,3866.53,2798.26,Service C,Partner X
T00095,2022-04-05,3993.84,1772.92,Service D,Partner X
T00096,2022-04-06,1285.3,551.18,Service C,Partner W
T00097,2022-04-07,2839.4,1618.51,Service C,Partner W
T00098,2022-04-08,3363.23,2488.7,Service C,Partner X
T00099,2022-04-09,3067.46,2253.31,Service C,Partner X
T00100,2022-04-10,2627.66,1680.82,Service C,Partner Y
T00101,2022-04-11,1502.63,914.96,Service D,Partner Y
T00102,2022-04-12,1082.72,628.19,Service D,Partner X
T00103,2022-04-13,3350.07,2372.58,Service C,Partner Y
T00104,2022-04-14,1428.53,1131.46,Service C,Partner Z
T00105,2022-04-15,1691.51,1190.63,Service D,Partner Y
T00106,2022-04-16,4976.42,2107.35,Service D,Partner X
T00107,2022-04-17,4080.43,1979.88,Service A,Partner Y
T00108,2022-04-18,1913.21,783.77,Service C,Partner Y
T00109,2022-04-19,2936.99,2242.97,Service A,Partner X
T00110,2022-04-20,948.04,526.66,Service D,Partner Z
T00111,2022-04-21,2797.72,1980.4,Service A,Partner Z
T00112,2022-04-22,658.28,306.27,Service B,Partner Z
T00113,2022-04-23,1507.88,978.24,Service D,Partner Y
T00114,2022-04-24,781.15,317.2,Service D,Partner Y
T00115,2022-04-25,708.96,315.11,Service C,Partner X
T00116,2022-04-26,3175.17,2133.19,Service C,Partner Z
T00117,2022-04-27,1854.04,926.48,Service C,Partner Z
T00118,2022-04-28,4301.73,2690.66,Service C,Partner Z
T00119,2022-04-29,2297.09,1379.92,Service B,Partner Y
T00120,2022-04-30,1940.64,1172.66,Service A,Partner Z
T00121,2022-05-01,2473.14,1308.5,Service D,Partner X
T00122,2022-05-02,2695.38,1312.09,Service D,Partner X
T00123,2022-05-03,1722.34,992.1,Service C,Partner X
T00124,2022-05-04,4062.17,2124.64,Service D,Partner Z
T00125,2022-05-05,2914.52,1543.22,Service B,Partner Y
T00126,2022-05-06,3181.21,1882.87,Service B,Partner W
T00127,2022-05-07,2356.96,1372.23,Service B,Partner Y
T00128,2022-05-08,2414.08,1781.37,Service D,Partner X
T00129,2022-05-09,3536.14,2169.14,Service D,Partner W
T00130,2022-05-10,2080.56,939.93,Service D,Partner X
T00131,2022-05-11,2960.7,2016.1,Service D,Partner Z
T00132,2022-05-12,1468.85,1120.29,Service C,Partner W
T00133,2022-05-13,866.04,554.62,Service A,Partner X
T00134,2022-05-14,754.31,453.86,Service C,Partner Z
T00135,2022-05-15,4219.85,2882.73,Service D,Partner W
T00136,2022-05-16,4377.19,2637.75,Service D,Partner X
T00137,2022-05-17,1375.59,897.15,Service D,Partner Z
T00138,2022-05-18,1275.05,989.03,Service D,Partner W
T00139,2022-05-19,4397.01,3086.54,Service C,Partner X
T00140,2022-05-20,706.24,514.04,Service C,Partner X
T00141,2022-05-21,3371.61,1867.11,Service C,Partner Y
T00142,2022-05-22,1421.89,816.08,Service A,Partner Y
T00143,2022-05-23,4843.59,2598.33,Service A,Partner X
T00144,2022-05-24,3679.14,2532.63,Service D,Partner Y
T00145,2022-05-25,2868.83,1911.79,Service C,Partner W
T00146,2022-05-26,675.37,440.42,Service A,Partner Z
T00147,2022-05-27,4669.32,1952.08,Service B,Partner W
T00148,2022-05-28,1071.38,842.32,Service B,Partner Y
T00149,2022-05-29,3398.07,2372.19,Service B,Partner W
T00150,2022-05-30,4042.73,2163.17,Service D,Partner Z
T00151,2022-05-31,4351.83,2221.84,Service A,Partner X
T00152,2022-06-01,1109.9,501.44,Service D,Partner W
T00153,2022-06-02,4389.15,3241.59,Service D,Partner X
T00154,2022-06-03,1692.64,1251.53,Service A,Partner Y
T00155,2022-06-04,1131.01,901.34,Service D,Partner W
T00156,2022-06-05,4276.04,3322.59,Service B,Partner Y
T00157,2022-06-06,3959.93,1848.83,Service B,Partner X
T00158,2022-06-07,1010.31,541.98,Service A,Partner Y
T00159,2022-06-08,4775.23,2262.26,Service B,Partner W
T00160,2022-06-09,1823.51,954.03,Service D,Partner W
T00161,2022-06-10,541.42,254.7,Service A,Partner Y
T00162,2022-06-11,1732.14,1060.61,Service C,Partner Z
T00163,2022-06-12,884.67,674.01,Service B,Partner W
T00164,2022-06-13,856.39,394.3,Service D,Partner X
T00165,2022-06-14,4068.25,2906.03,Service C,Partner Z
T00166,2022-06-15,3863.4,2359.48,Service A,Partner X
T00167,2022-06-16,2841.0,1350.86,Service D,Partner Z
T00168,2022-06-17,3821.57,2749.71,Service B,Partner Z
T00169,2022-06-18,2486.46,1876.39,Service B,Partner Z
T00170,2022-06-19,2718.09,1159.34,Service B,Partner X
T00171,2022-06-20,3439.11,1456.74,Service D,Partner W
T00172,2022-06-21,4697.21,3279.46,Service A,Partner Z
T00173,2022-06-22,3937.95,2123.85,Service C,Partner W
T00174,2022-06-23,3472.26,2443.58,Service D,Partner W
T00175,2022-06-24,4508.66,2809.13,Service C,Partner W
T00176,2022-06-25,1955.18,1285.32,Service A,Partner W
T00177,2022-06-26,782.73,535.95,Service D,Partner Y
T00178,2022-06-27,535.45,237.4,Service D,Partner X
T00179,2022-06-28,4056.19,2616.67,Service C,Partner X
T00180,2022-06-29,4496.76,2868.17,Service A,Partner W
T00181,2022-06-30,3142.58,1931.98,Service D,Partner Y
T00182,2022-07-01,1483.47,701.68,Service B,Partner W
T00183,2022-07-02,2960.27,1627.16,Service D,Partner Z
T00184,2022-07-03,1738.17,1266.73,Service B,Partner Y
T00185,2022-07-04,4502.89,2946.46,Service B,Partner Z
T00186,2022-07-05,3985.48,3023.14,Service C,Partner Z
T00187,2022-07-06,2303.59,1133.51,Service B,Partner W
T00188,2022-07-07,1667.44,835.37,Service D,Partner W
T00189,2022-07-08,2278.19,1550.57,Service A,Partner W
T00190,2022-07-09,2044.68,1621.27,Service A,Partner X
T00191,2022-07-10,1388.85,1045.52,Service A,Partner W
T00192,2022-07-11,1362.81,997.96,Service B,Partner W
T00193,2022-07-12,2713.85,2046.71,Service B,Partner Z
T00194,2022-07-13,3898.7,2789.07,Service D,Partner W
T00195,2022-07-14,1922.4,1071.85,Service B,Partner W
T00196,2022-07-15,2732.35,1565.96,Service A,Partner W
T00197,2022-07-16,1470.96,1014.59,Service A,Partner W
T00198,2022-07-17,3717.19,1707.02,Service A,Partner W
T00199,2022-07-18,4226.49,3294.11,Service C,Partner Z
T00200,2022-07-19,2144.84,1403.12,Service A,Partner Y
T00201,2022-07-20,2048.2,1507.08,Service C,Partner W
T00202,2022-07-21,3926.46,2451.09,Service D,Partner X
T00203,2022-07-22,3621.31,2819.35,Service B,Partner W
T00204,2022-07-23,2197.49,1684.61,Service A,Partner W
T00205,2022-07-24,4177.62,1949.07,Service A,Partner Y
T00206,2022-07-25,2904.12,1613.8,Service C,Partner Y
T00207,2022-07-26,2258.51,1219.88,Service D,Partner Y
T00208,2022-07-27,4438.44,1912.0,Service A,Partner Z
T00209,2022-07-28,1682.98,1134.61,Service D,Partner W
T00210,2022-07-29,765.35,511.26,Service D,Partner Z
T00211,2022-07-30,3205.18,2274.13,Service B,Partner W
T00212,2022-07-31,2848.11,1587.22,Service A,Partner X
T00213,2022-08-01,2571.35,1173.48,Service A,Partner W
T00214,2022-08-02,3114.76,1820.42,Service C,Partner X
T00215,2022-08-03,1559.56,954.16,Service D,Partner X
T00216,2022-08-04,1576.27,1030.88,Service D,Partner Y
T00217,2022-08-05,3851.5,2293.8,Service A,Partner Z
T00218,2022-08-06,2882.13,1229.11,Service A,Partner Z
T00219,2022-08-07,927.54,507.46,Service B,Partner Z
T00220,2022-08-08,3733.77,2618.08,Service C,Partner Z
T00221,2022-08-09,3411.79,2169.02,Service A,Partner Y
T00222,2022-08-10,3959.35,2398.25,Service D,Partner Z
T00223,2022-08-11,1482.66,1092.57,Service A,Partner Z
T00224,2022-08-12,1531.42,1106.3,Service C,Partner W
T00225,2022-08-13,3111.66,1974.54,Service B,Partner Y
T00226,2022-08-14,2527.96,1086.5,Service D,Partner Y
T00227,2022-08-15,2038.79,1562.25,Service D,Partner W
T00228,2022-08-16,3545.74,1862.88,Service A,Partner W
T00229,2022-08-17,4479.36,3565.49,Service B,Partner Z
T00230,2022-08-18,4642.63,3235.31,Service C,Partner X
T00231,2022-08-19,2805.42,2010.27,Service D,Partner Z
T00232,2022-08-20,1273.76,700.71,Service B,Partner Y
T00233,2022-08-21,2214.28,1380.3,Service A,Partner W
T00234,2022-08-22,1232.06,951.46,Service C,Partner W
T00235,2022-08-23,1930.11,847.61,Service A,Partner Z
T00236,2022-08-24,3961.81,2579.48,Service C,Partner W
T00237,2022-08-25,2149.76,1685.71,Service C,Partner Z
T00238,2022-08-26,955.0,544.66,Service D,Partner Z
T00239,2022-08-27,1300.98,593.89,Service A,Partner Z
T00240,2022-08-28,3640.58,2070.72,Service C,Partner W
T00241,2022-08-29,581.29,232.86,Service D,Partner Z
T00242,2022-08-30,3594.42,1573.99,Service D,Partner X
T00243,2022-08-31,4045.67,1660.06,Service A,Partner X
T00244,2022-09-01,4518.61,2442.39,Service D,Partner Z
T00245,2022-09-02,3738.81,2857.28,Service B,Partner X
T00246,2022-09-03,4660.62,2419.81,Service A,Partner W
T00247,2022-09-04,2254.17,1191.03,Service B,Partner X
T00248,2022-09-05,4519.95,3503.69,Service B,Partner Y
T00249,2022-09-06,4899.26,2045.05,Service B,Partner Z
T00250,2022-09-07,1094.38,632.11,Service C,Partner Z
T00251,2022-09-08,4584.53,2941.18,Service D,Partner Z
T00252,2022-09-09,4956.59,3126.14,Service A,Partner W
T00253,2022-09-10,4516.28,2237.44,Service D,Partner X
T00254,2022-09-11,1037.18,622.57,Service D,Partner Y
T00255,2022-09-12,1624.73,887.68,Service A,Partner X
T00256,2022-09-13,4361.64,2854.8,Service D,Partner Y
T00257,2022-09-14,2278.12,1384.71,Service D,Partner X
T00258,2022-09-15,1692.25,814.0,Service D,Partner Y
T00259,2022-09-16,3966.83,2580.42,Service B,Partner Z
T00260,2022-09-17,1158.75,546.37,Service C,Partner X
T00261,2022-09-18,1572.16,1241.27,Service B,Partner W
T00262,2022-09-19,2513.71,1625.05,Service B,Partner X
T00263,2022-09-20,2103.16,1088.97,Service B,Partner Z
T00264,2022-09-21,1337.46,745.09,Service A,Partner Y
T00265,2022-09-22,4320.01,2124.91,Service C,Partner Y
T00266,2022-09-23,2219.53,1636.94,Service B,Partner X
T00267,2022-09-24,2508.35,1308.0,Service A,Partner Z
T00268,2022-09-25,3956.57,2773.45,Service A,Partner Z
T00269,2022-09-26,3899.68,2114.35,Service B,Partner X
T00270,2022-09-27,3100.24,2153.22,Service D,Partner W
T00271,2022-09-28,3347.97,1585.9,Service A,Partner Z
T00272,2022-09-29,2922.31,1992.3,Service D,Partner X
T00273,2022-09-30,3813.44,1626.99,Service B,Partner Z
T00274,2022-10-01,4647.03,2577.35,Service A,Partner Z
T00275,2022-10-02,570.71,436.39,Service A,Partner Z
T00276,2022-10-03,3671.34,1572.43,Service B,Partner Y
T00277,2022-10-04,3876.91,2618.08,Service D,Partner Y
T00278,2022-10-05,4850.45,2633.16,Service C,Partner W
T00279,2022-10-06,2747.75,1596.57,Service B,Partner Z
T00280,2022-10-07,2166.26,1643.86,Service A,Partner X
T00281,2022-10-08,3479.17,1427.05,Service C,Partner Z
T00282,2022-10-09,4552.29,2329.52,Service C,Partner X
T00283,2022-10-10,2125.53,1459.05,Service C,Partner W
T00284,2022-10-11,1613.33,708.04,Service C,Partner X
T00285,2022-10-12,1960.48,1123.19,Service B,Partner W
T00286,2022-10-13,2354.05,1653.09,Service D,Partner Z
T00287,2022-10-14,3982.48,2414.92,Service A,Partner W
T00288,2022-10-15,3241.77,2325.16,Service C,Partner W
T00289,2022-10-16,1435.59,866.56,Service D,Partner Z
T00290,2022-10-17,1804.32,1115.15,Service A,Partner W
T00291,2022-10-18,2169.03,1400.7,Service B,Partner Y
T00292,2022-10-19,4254.75,1729.89,Service C,Partner Z
T00293,2022-10-20,3150.35,2081.5,Service C,Partner W
T00294,2022-10-21,4796.04,3222.1,Service B,Partner X
T00295,2022-10-22,3889.45,2884.91,Service D,Partner X
T00296,2022-10-23,1254.74,663.51,Service C,Partner W
T00297,2022-10-24,2183.28,1586.7,Service D,Partner Y
T00298,2022-10-25,1964.27,1241.91,Service C,Partner X
T00299,2022-10-26,2604.8,1089.32,Service A,Partner W
T00300,2022-10-27,1546.86,731.78,Service B,Partner Y
T00301,2022-10-28,561.51,430.19,Service A,Partner W
T00302,2022-10-29,2052.86,1393.73,Service C,Partner Y
T00303,2022-10-30,3228.35,1586.14,Service A,Partner Y
T00304,2022-10-31,1802.35,923.21,Service D,Partner X
T00305,2022-11-01,2585.5,1201.07,Service B,Partner Z
T00306,2022-11-02,526.86,296.75,Service D,Partner W
T00307,2022-11-03,759.21,319.79,Service D,Partner X
T00308,2022-11-04,867.25,620.97,Service B,Partner X
T00309,2022-11-05,3244.65,2534.06,Service C,Partner W
T00310,2022-11-06,2456.69,1367.8,Service A,Partner W
T00311,2022-11-07,4295.11,3428.25,Service D,Partner W
T00312,2022-11-08,1657.61,1113.76,Service D,Partner W
T00313,2022-11-09,981.51,635.42,Service C,Partner Z
T00314,2022-11-10,4957.29,3351.89,Service C,Partner W
T00315,2022-11-11,2712.61,1556.17,Service B,Partner Z
T00316,2022-11-12,1530.3,886.84,Service D,Partner Z
T00317,2022-11-13,3039.7,1690.51,Service B,Partner W
T00318,2022-11-14,4914.04,2345.95,Service A,Partner X
T00319,2022-11-15,3274.51,1778.23,Service C,Partner W
T00320,2022-11-16,1630.57,669.12,Service D,Partner Z
T00321,2022-11-17,1472.26,641.32,Service C,Partner W
T00322,2022-11-18,4771.32,2007.12,Service C,Partner X
T00323,2022-11-19,3048.49,1963.48,Service C,Partner W
T00324,2022-11-20,4931.49,3762.47,Service A,Partner W
T00325,2022-11-21,1137.02,477.61,Service D,Partner X
T00326,2022-11-22,930.51,633.49,Service B,Partner Y
T00327,2022-11-23,2157.19,1569.17,Service B,Partner X
T00328,2022-11-24,1065.13,834.63,Service C,Partner Z
T00329,2022-11-25,4775.08,3062.66,Service D,Partner Y
T00330,2022-11-26,2617.27,1247.61,Service B,Partner X
T00331,2022-11-27,650.43,446.94,Service B,Partner Z
T00332,2022-11-28,4705.81,2379.68,Service A,Partner Y
T00333,2022-11-29,601.09,386.59,Service C,Partner X
T00334,2022-11-30,2574.24,1799.52,Service B,Partner X
T00335,2022-12-01,1825.9,848.76,Service B,Partner Z
T00336,2022-12-02,1571.11,771.6,Service D,Partner X
T00337,2022-12-03,3272.97,2582.62,Service D,Partner X
T00338,2022-12-04,3418.57,1557.89,Service B,Partner W
T00339,2022-12-05,1795.76,1119.02,Service B,Partner X
T00340,2022-12-06,3142.39,1371.79,Service C,Partner X
T00341,2022-12-07,4829.17,2426.67,Service D,Partner X
T00342,2022-12-08,4923.75,2252.12,Service B,Partner Z
T00343,2022-12-09,1738.82,998.22,Service B,Partner W
T00344,2022-12-10,539.75,359.93,Service B,Partner Y
T00345,2022-12-11,3866.13,1938.01,Service B,Partner W
T00346,2022-12-12,3087.91,1814.56,Service B,Partner W
T00347,2022-12-13,884.06,428.1,Service A,Partner Z
T00348,2022-12-14,676.8,276.35,Service D,Partner X
T00349,2022-12-15,1484.83,893.07,Service A,Partner Z
T00350,2022-12-16,948.82,558.87,Service A,Partner X
T00351,2022-12-17,1661.87,906.13,Service B,Partner W
T00352,2022-12-18,4960.69,3541.65,Service B,Partner X
T00353,2022-12-19,1274.73,764.49,Service B,Partner X
T00354,2022-12-20,846.51,640.13,Service B,Partner Z
T00355,2022-12-21,2901.23,2223.52,Service D,Partner Y
T00356,2022-12-22,1068.05,653.33,Service B,Partner Y
T00357,2022-12-23,2269.87,1588.73,Service D,Partner Y
T00358,2022-12-24,2020.4,1608.15,Service B,Partner X
T00359,2022-12-25,1373.96,1053.25,Service D,Partner W
T00360,2022-12-26,2297.65,1416.61,Service A,Partner W
T00361,2022-12-27,3301.24,1759.61,Service C,Partner W
T00362,2022-12-28,2816.15,2175.6,Service B,Partner W
T00363,2022-12-29,1804.17,775.37,Service B,Partner W
T00364,2022-12-30,3952.89,2533.05,Service A,Partner Y
T00365,2022-12-31,2557.25,1852.65,Service D,Partner X
T00366,2022-01-01,4712.71,2362.41,Service D,Partner Z
T00367,2022-01-02,3855.85,2948.83,Service D,Partner X
T00368,2022-01-03,1220.67,795.68,Service C,Partner X
T00369,2022-01-04,4229.96,2892.85,Service C,Partner Z
T00370,2022-01-05,4255.27,3078.0,Service B,Partner X
T00371,2022-01-06,4732.03,2451.01,Service A,Partner Y
T00372,2022-01-07,4589.84,1943.29,Service D,Partner Z
T00373,2022-01-08,3989.81,2756.29,Service C,Partner W
T00374,2022-01-09,3890.52,1955.79,Service B,Partner Y
T00375,2022-01-10,1749.99,927.22,Service C,Partner Z
T00376,2022-01-11,1583.57,1072.37,Service D,Partner W
T00377,2022-01-12,2940.54,1911.41,Service C,Partner X
T00378,2022-01-13,1953.84,875.49,Service B,Partner Y
T00379,2022-01-14,699.01,426.59,Service A,Partner W
T00380,2022-01-15,2975.31,1727.14,Service C,Partner Y
T00381,2022-01-16,4571.55,3462.7,Service C,Partner W
T00382,2022-01-17,790.88,335.41,Service B,Partner X
T00383,2022-01-18,1111.33,796.3,Service A,Partner Z
T00384,2022-01-19,2537.42,1267.86,Service A,Partner Y
T00385,2022-01-20,4008.09,2032.83,Service B,Partner X
T00386,2022-01-21,2940.02,2029.33,Service B,Partner W
T00387,2022-01-22,506.47,311.33,Service C,Partner Y
T00388,2022-01-23,1108.74,604.98,Service B,Partner W
T00389,2022-01-24,2387.18,1832.05,Service B,Partner Y
T00390,2022-01-25,2448.63,1017.03,Service C,Partner W
T00391,2022-01-26,4282.02,1755.12,Service D,Partner Y
T00392,2022-01-27,4581.88,2836.15,Service A,Partner W
T00393,2022-01-28,1940.84,1258.45,Service B,Partner W
T00394,2022-01-29,1597.51,1053.77,Service C,Partner Z
T00395,2022-01-30,1917.68,1288.64,Service A,Partner Y
T00396,2022-01-31,993.77,685.32,Service C,Partner X
T00397,2022-02-01,1058.99,788.03,Service C,Partner W
T00398,2022-02-02,1333.73,731.58,Service A,Partner X
T00399,2022-02-03,1499.11,912.21,Service D,Partner W
T00400,2022-02-04,632.93,311.35,Service D,Partner W
T00401,2022-02-05,1863.19,869.4,Service B,Partner X
T00402,2022-02-06,1498.25,817.31,Service D,Partner Y
T00403,2022-02-07,3608.12,2444.06,Service B,Partner X
T00404,2022-02-08,1489.64,981.03,Service C,Partner Y
T00405,2022-02-09,3430.69,2639.79,Service A,Partner X
T00406,2022-02-10,2946.37,2113.72,Service B,Partner Z
T00407,2022-02-11,3844.3,2927.98,Service D,Partner Z
T00408,2022-02-12,2061.97,1502.49,Service D,Partner X
T00409,2022-02-13,1160.82,697.86,Service A,Partner Y
T00410,2022-02-14,511.73,368.45,Service D,Partner Z
T00411,2022-02-15,3476.3,2469.06,Service D,Partner Z
T00412,2022-02-16,4649.1,3260.91,Service B,Partner Z
T00413,2022-02-17,3716.51,1985.61,Service A,Partner Z
T00414,2022-02-18,2096.56,1499.89,Service B,Partner W
T00415,2022-02-19,1201.46,764.1,Service D,Partner Y
T00416,2022-02-20,837.94,387.39,Service A,Partner W
T00417,2022-02-21,1546.92,1041.81,Service C,Partner X
T00418,2022-02-22,2307.33,1761.49,Service B,Partner Y
T00419,2022-02-23,2115.51,1644.97,Service D,Partner Z
T00420,2022-02-24,2465.5,1698.76,Service B,Partner X
T00421,2022-02-25,1848.37,1397.04,Service C,Partner X
T00422,2022-02-26,2469.37,1317.2,Service B,Partner X
T00423,2022-02-27,4632.6,3216.21,Service C,Partner Y
T00424,2022-02-28,1420.15,666.33,Service C,Partner Y
T00425,2022-03-01,2667.53,1841.15,Service A,Partner Y
T00426,2022-03-02,2523.74,1999.43,Service B,Partner Z
T00427,2022-03-03,1440.01,703.88,Service B,Partner Y
T00428,2022-03-04,1076.36,584.29,Service C,Partner Z
T00429,2022-03-05,4543.8,2472.02,Service B,Partner X
T00430,2022-03-06,1695.46,1225.66,Service B,Partner X
T00431,2022-03-07,4229.53,1910.46,Service D,Partner W
T00432,2022-03-08,3119.24,1835.02,Service A,Partner Z
T00433,2022-03-09,892.37,621.41,Service B,Partner W
T00434,2022-03-10,4983.09,2680.86,Service A,Partner Z
T00435,2022-03-11,3287.88,2353.2,Service A,Partner Y
T00436,2022-03-12,4044.95,1965.88,Service C,Partner X
T00437,2022-03-13,2774.9,1748.85,Service D,Partner Z
T00438,2022-03-14,1393.35,708.66,Service D,Partner Z
T00439,2022-03-15,2992.01,1775.3,Service D,Partner W
T00440,2022-03-16,2113.37,1326.51,Service B,Partner Y
T00441,2022-03-17,1028.92,676.29,Service B,Partner Z
T00442,2022-03-18,1596.22,1069.49,Service A,Partner Y
T00443,2022-03-19,4466.18,2135.44,Service B,Partner Y
T00444,2022-03-20,1034.55,417.71,Service D,Partner X
T00445,2022-03-21,3917.23,2273.34,Service D,Partner W
T00446,2022-03-22,4320.97,1953.18,Service D,Partner Y
T00447,2022-03-23,3013.52,2154.02,Service B,Partner Z
T00448,2022-03-24,1032.09,549.48,Service A,Partner W
T00449,2022-03-25,1970.48,820.44,Service D,Partner W
T00450,2022-03-26,2998.12,1221.98,Service C,Partner W
T00451,2022-03-27,936.77,658.68,Service C,Partner Y
T00452,2022-03-28,2460.94,1916.35,Service A,Partner Z
T00453,2022-03-29,4289.81,2877.79,Service C,Partner Y
T00454,2022-03-30,794.08,619.16,Service A,Partner W
T00455,2022-03-31,618.36,359.56,Service B,Partner X
T00456,2022-04-01,4520.38,2137.59,Service D,Partner Y
T00457,2022-04-02,3351.99,1979.71,Service C,Partner Y
T00458,2022-04-03,4597.95,3174.34,Service C,Partner W
T00459,2022-04-04,4465.17,2391.81,Service A,Partner Z
T00460,2022-04-05,1173.46,877.85,Service B,Partner Y
T00461,2022-04-06,2442.19,1260.8,Service C,Partner Y
T00462,2022-04-07,3260.12,2392.53,Service C,Partner Y
T00463,2022-04-08,1431.77,856.03,Service A,Partner Y
T00464,2022-04-09,4457.76,2985.77,Service A,Partner Z
T00465,2022-04-10,4931.84,3835.18,Service A,Partner W
T00466,2022-04-11,2002.54,1574.3,Service C,Partner W
T00467,2022-04-12,3944.12,2114.57,Service D,Partner Y
T00468,2022-04-13,3190.8,1279.15,Service D,Partner Z
T00469,2022-04-14,1636.4,1164.77,Service B,Partner W
T00470,2022-04-15,1965.78,1168.01,Service D,Partner X
T00471,2022-04-16,3859.22,1747.35,Service C,Partner Y
T00472,2022-04-17,1256.86,564.75,Service B,Partner W
T00473,2022-04-18,3984.68,3104.79,Service C,Partner W
T00474,2022-04-19,4952.87,2295.68,Service C,Partner W
T00475,2022-04-20,1268.3,793.51,Service B,Partner Y
T00476,2022-04-21,3336.23,2650.15,Service B,Partner Y
T00477,2022-04-22,2796.88,1651.28,Service B,Partner X
T00478,2022-04-23,1950.65,905.09,Service C,Partner W
T00479,2022-04-24,3797.05,2681.33,Service D,Partner Y
T00480,2022-04-25,3514.9,1520.55,Service B,Partner X
T00481,2022-04-26,1326.3,965.69,Service C,Partner W
T00482,2022-04-27,1916.69,1262.15,Service B,Partner W
T00483,2022-04-28,3926.95,2106.89,Service D,Partner Z
T00484,2022-04-29,4215.02,2371.8,Service D,Partner W
T00485,2022-04-30,2638.84,1651.64,Service C,Partner W
T00486,2022-05-01,3541.24,1987.36,Service D,Partner Y
T00487,2022-05-02,4726.0,2850.12,Service A,Partner W
T00488,2022-05-03,2494.91,1708.72,Service A,Partner X
T00489,2022-05-04,1431.87,876.76,Service B,Partner Y
T00490,2022-05-05,2589.91,1819.46,Service A,Partner Y
T00491,2022-05-06,1945.96,1107.26,Service D,Partner W
T00492,2022-05-07,3961.32,2576.56,Service A,Partner W
T00493,2022-05-08,3433.77,2466.42,Service B,Partner Y
T00494,2022-05-09,3344.87,2505.84,Service A,Partner Y
T00495,2022-05-10,972.54,484.82,Service A,Partner W
T00496,2022-05-11,3924.33,2095.79,Service C,Partner Z
T00497,2022-05-12,4995.31,2222.32,Service A,Partner W
T00498,2022-05-13,1854.25,877.54,Service D,Partner W
T00499,2022-05-14,1667.22,729.06,Service C,Partner X
T00500,2022-05-15,4103.09,3079.39,Service B,Partner Z
T00501,2022-05-16,1669.05,1106.56,Service C,Partner Z
T00502,2022-05-17,4976.0,2126.54,Service D,Partner W
T00503,2022-05-18,4956.92,3685.1,Service A,Partner Y
T00504,2022-05-19,4401.44,2358.53,Service D,Partner W
T00505,2022-05-20,4910.49,2730.75,Service C,Partner Y
T00506,2022-05-21,1593.27,1168.15,Service C,Partner Y
T00507,2022-05-22,1533.63,1102.55,Service C,Partner X
T00508,2022-05-23,1858.21,994.63,Service A,Partner W
T00509,2022-05-24,972.96,422.2,Service C,Partner X
T00510,2022-05-25,572.36,441.12,Service B,Partner Y
T00511,2022-05-26,3718.68,2164.01,Service B,Partner Z
T00512,2022-05-27,2031.95,1595.28,Service A,Partner Z
T00513,2022-05-28,1900.88,932.19,Service D,Partner W
T00514,2022-05-29,2153.14,1595.62,Service A,Partner X
T00515,2022-05-30,1528.94,714.22,Service A,Partner W
T00516,2022-05-31,3657.33,1762.01,Service A,Partner Z
T00517,2022-06-01,1604.52,703.7,Service B,Partner X
T00518,2022-06-02,4698.96,2289.03,Service B,Partner W
T00519,2022-06-03,4009.14,2590.85,Service D,Partner X
T00520,2022-06-04,4053.83,2860.1,Service C,Partner Z
T00521,2022-06-05,4725.91,2753.63,Service B,Partner Z
T00522,2022-06-06,4038.57,2611.38,Service C,Partner X
T00523,2022-06-07,2841.15,2160.92,Service C,Partner Z
T00524,2022-06-08,3224.62,1290.64,Service A,Partner Z
T00525,2022-06-09,4699.72,2890.75,Service D,Partner X
T00526,2022-06-10,1191.01,505.87,Service A,Partner Z
T00527,2022-06-11,1360.04,604.85,Service A,Partner X
T00528,2022-06-12,4788.29,3683.57,Service D,Partner Y
T00529,2022-06-13,4937.01,3748.87,Service B,Partner Z
T00530,2022-06-14,2790.61,1903.1,Service A,Partner Z
T00531,2022-06-15,1021.57,686.12,Service A,Partner X
T00532,2022-06-16,2364.02,1012.17,Service C,Partner X
T00533,2022-06-17,1569.23,787.82,Service D,Partner Z
T00534,2022-06-18,1880.95,1313.36,Service C,Partner Z
T00535,2022-06-19,3209.03,1980.87,Service B,Partner Y
T00536,2022-06-20,2629.09,1522.95,Service D,Partner Y
T00537,2022-06-21,4528.88,2095.31,Service A,Partner Y
T00538,2022-06-22,2203.66,1649.06,Service C,Partner Z
T00539,2022-06-23,1775.01,878.75,Service B,Partner Z
T00540,2022-06-24,4719.54,2192.76,Service C,Partner Z
T00541,2022-06-25,3805.78,2506.0,Service C,Partner Y
T00542,2022-06-26,4473.35,2428.84,Service A,Partner X
T00543,2022-06-27,3862.66,1967.15,Service D,Partner Z
T00544,2022-06-28,4356.33,1897.48,Service B,Partner X
T00545,2022-06-29,1153.03,528.36,Service A,Partner W
T00546,2022-06-30,3297.56,1867.45,Service A,Partner W
T00547,2022-07-01,4539.33,2860.82,Service D,Partner X
T00548,2022-07-02,4936.98,2734.21,Service D,Partner W
T00549,2022-07-03,4249.18,2795.68,Service C,Partner X
T00550,2022-07-04,1131.8,516.91,Service C,Partner X
T00551,2022-07-05,2676.28,1306.73,Service A,Partner X
T00552,2022-07-06,1005.42,601.13,Service B,Partner Y
T00553,2022-07-07,1901.5,1352.8,Service C,Partner Z
T00554,2022-07-08,798.2,468.31,Service C,Partner W
T00555,2022-07-09,1982.71,1486.15,Service A,Partner W
T00556,2022-07-10,2639.68,1779.33,Service D,Partner X
T00557,2022-07-11,3195.03,1475.2,Service C,Partner X
T00558,2022-07-12,2152.42,1073.56,Service D,Partner W
T00559,2022-07-13,4171.13,2567.29,Service A,Partner Y
T00560,2022-07-14,4699.0,1897.83,Service A,Partner Y
T00561,2022-07-15,883.34,378.05,Service A,Partner X
T00562,2022-07-16,3975.65,2757.3,Service B,Partner W
T00563,2022-07-17,3470.36,2003.47,Service D,Partner W
T00564,2022-07-18,626.33,263.01,Service A,Partner W
T00565,2022-07-19,1367.05,653.43,Service D,Partner X
T00566,2022-07-20,4054.02,3134.16,Service C,Partner Y
T00567,2022-07-21,1981.61,1511.94,Service C,Partner Y
T00568,2022-07-22,4564.3,3504.54,Service B,Partner X
T00569,2022-07-23,3778.99,2006.59,Service A,Partner X
T00570,2022-07-24,1864.02,904.84,Service A,Partner Z
T00571,2022-07-25,4441.59,2847.25,Service C,Partner Z
T00572,2022-07-26,929.94,377.32,Service D,Partner Y
T00573,2022-07-27,3165.82,2399.65,Service B,Partner X
T00574,2022-07-28,2679.11,1452.98,Service D,Partner X
T00575,2022-07-29,677.79,469.03,Service B,Partner Y
T00576,2022-07-30,3564.13,2493.72,Service D,Partner X
T00577,2022-07-31,888.24,494.42,Service B,Partner X
T00578,2022-08-01,2285.41,1023.98,Service D,Partner Y
T00579,2022-08-02,881.99,395.29,Service A,Partner X
T00580,2022-08-03,4237.02,1848.93,Service C,Partner W
T00581,2022-08-04,2047.3,1478.31,Service B,Partner W
T00582,2022-08-05,2107.38,1265.78,Service A,Partner Y
T00583,2022-08-06,4963.29,3867.37,Service D,Partner X
T00584,2022-08-07,4707.66,2613.91,Service B,Partner Z
T00585,2022-08-08,4591.46,3434.52,Service A,Partner Z
T00586,2022-08-09,3867.91,1588.18,Service B,Partner Y
T00587,2022-08-10,2311.79,1376.96,Service A,Partner Z
T00588,2022-08-11,1001.86,699.59,Service D,Partner Y
T00589,2022-08-12,4067.11,2449.35,Service B,Partner Z
T00590,2022-08-13,2845.19,1659.58,Service D,Partner X
T00591,2022-08-14,2750.37,1968.21,Service D,Partner W
T00592,2022-08-15,2329.03,1486.19,Service A,Partner Z
T00593,2022-08-16,2373.88,1105.52,Service C,Partner W
T00594,2022-08-17,3675.97,2846.94,Service A,Partner X
T00595,2022-08-18,2079.67,1150.84,Service A,Partner Y
T00596,2022-08-19,3931.63,2893.86,Service A,Partner Z
T00597,2022-08-20,4442.24,2885.21,Service A,Partner W
T00598,2022-08-21,4098.38,2770.58,Service C,Partner Z
T00599,2022-08-22,4547.65,3464.98,Service C,Partner X
T00600,2022-08-23,1957.6,1527.5,Service B,Partner X
T00601,2022-08-24,4907.38,3709.55,Service D,Partner X
T00602,2022-08-25,845.95,405.58,Service B,Partner Y
T00603,2022-08-26,2810.49,1217.31,Service B,Partner X
T00604,2022-08-27,2950.7,2074.21,Service D,Partner Y
T00605,2022-08-28,4797.29,2477.69,Service A,Partner W
T00606,2022-08-29,964.96,766.13,Service A,Partner W
T00607,2022-08-30,4861.57,3420.23,Service B,Partner Y
T00608,2022-08-31,1906.53,857.59,Service A,Partner Y
T00609,2022-09-01,4841.72,3156.88,Service D,Partner Y
T00610,2022-09-02,2429.92,1787.75,Service B,Partner W
T00611,2022-09-03,3983.3,1739.94,Service C,Partner Z
T00612,2022-09-04,3453.64,2499.66,Service A,Partner Z
T00613,2022-09-05,4249.9,2333.33,Service A,Partner Y
T00614,2022-09-06,1126.23,863.35,Service B,Partner X
T00615,2022-09-07,2129.76,899.43,Service C,Partner Y
T00616,2022-09-08,1169.69,641.18,Service D,Partner W
T00617,2022-09-09,1084.98,548.8,Service C,Partner Z
T00618,2022-09-10,4933.48,3290.79,Service B,Partner W
T00619,2022-09-11,3761.04,3001.02,Service B,Partner W
T00620,2022-09-12,2224.73,1441.12,Service C,Partner Z
T00621,2022-09-13,2499.79,1412.99,Service B,Partner X
T00622,2022-09-14,4862.49,2414.96,Service A,Partner Y
T00623,2022-09-15,1967.29,1280.26,Service D,Partner Y
T00624,2022-09-16,4234.2,3105.3,Service A,Partner Y
T00625,2022-09-17,740.47,322.98,Service D,Partner X
T00626,2022-09-18,958.39,558.24,Service B,Partner X
T00627,2022-09-19,3455.57,2639.69,Service C,Partner W
T00628,2022-09-20,2346.1,975.91,Service C,Partner Y
T00629,2022-09-21,4754.28,3141.13,Service A,Partner W
T00630,2022-09-22,1685.25,1276.97,Service D,Partner W
T00631,2022-09-23,3220.78,1578.62,Service B,Partner Y
T00632,2022-09-24,4421.62,2809.68,Service D,Partner Y
T00633,2022-09-25,789.02,498.5,Service B,Partner Y
T00634,2022-09-26,3152.89,1677.61,Service D,Partner Y
T00635,2022-09-27,3540.85,1611.13,Service A,Partner Z
T00636,2022-09-28,4238.87,1734.42,Service D,Partner W
T00637,2022-09-29,4984.84,3658.59,Service A,Partner Y
T00638,2022-09-30,907.47,663.23,Service B,Partner X
T00639,2022-10-01,3701.63,2135.62,Service D,Partner X
T00640,2022-10-02,1201.07,492.01,Service B,Partner Y
T00641,2022-10-03,2844.05,1860.51,Service D,Partner Y
T00642,2022-10-04,4377.03,3019.32,Service C,Partner X
T00643,2022-10-05,3640.22,1834.68,Service C,Partner Z
T00644,2022-10-06,4467.47,2445.27,Service B,Partner Y
T00645,2022-10-07,1095.77,704.75,Service C,Partner W
T00646,2022-10-08,2277.32,1493.84,Service C,Partner Z
T00647,2022-10-09,1738.96,1111.09,Service D,Partner X
T00648,2022-10-10,2712.58,1712.57,Service D,Partner Y
T00649,2022-10-11,4440.87,2338.66,Service B,Partner X
T00650,2022-10-12,4380.15,2228.83,Service C,Partner W
T00651,2022-10-13,4282.75,2663.14,Service A,Partner Z
T00652,2022-10-14,4833.99,3366.17,Service A,Partner Y
T00653,2022-10-15,3933.99,2374.71,Service C,Partner Z
T00654,2022-10-16,1261.17,572.84,Service B,Partner Y
T00655,2022-10-17,4989.18,2499.11,Service A,Partner X
T00656,2022-10-18,3320.35,1576.59,Service B,Partner W
T00657,2022-10-19,3774.62,2510.26,Service B,Partner Y
T00658,2022-10-20,2243.82,1386.5,Service A,Partner Y
T00659,2022-10-21,3225.96,1478.75,Service C,Partner Z
T00660,2022-10-22,1059.53,742.25,Service A,Partner Z
T00661,2022-10-23,922.19,691.26,Service C,Partner Y
T00662,2022-10-24,1444.58,771.23,Service C,Partner Y
T00663,2022-10-25,4761.61,3545.81,Service C,Partner W
T00664,2022-10-26,2613.11,1852.02,Service C,Partner W
T00665,2022-10-27,2048.52,1545.53,Service D,Partner X
T00666,2022-10-28,4109.01,1936.1,Service C,Partner Y
T00667,2022-10-29,2090.35,1189.29,Service A,Partner Y
T00668,2022-10-30,2513.68,1499.74,Service A,Partner Y
T00669,2022-10-31,2349.58,1802.24,Service C,Partner X
T00670,2022-11-01,3565.5,1868.41,Service A,Partner X
T00671,2022-11-02,2028.05,1128.3,Service D,Partner Y
T00672,2022-11-03,3050.73,2376.8,Service B,Partner W
T00673,2022-11-04,1353.57,627.98,Service B,Partner Z
T00674,2022-11-05,2236.99,1640.6,Service A,Partner W
T00675,2022-11-06,4486.85,2437.21,Service C,Partner W
T00676,2022-11-07,2261.58,1729.84,Service B,Partner Z
T00677,2022-11-08,4854.91,2676.19,Service A,Partner Z
T00678,2022-11-09,1010.92,738.83,Service D,Partner Z
T00679,2022-11-10,4383.29,2824.86,Service C,Partner W
T00680,2022-11-11,2436.72,1203.04,Service D,Partner X
T00681,2022-11-12,3317.22,2154.85,Service C,Partner X
T00682,2022-11-13,1600.32,1093.22,Service A,Partner Y
T00683,2022-11-14,2769.16,1882.0,Service D,Partner X
T00684,2022-11-15,3629.24,2402.49,Service D,Partner Y
T00685,2022-11-16,3195.28,2457.99,Service B,Partner Y
T00686,2022-11-17,4542.39,3593.36,Service D,Partner W
T00687,2022-11-18,1226.63,920.49,Service C,Partner X
T00688,2022-11-19,2578.37,1652.38,Service B,Partner Y
T00689,2022-11-20,707.94,510.17,Service C,Partner Y
T00690,2022-11-21,4831.74,3078.69,Service B,Partner Z
T00691,2022-11-22,3333.14,2414.92,Service D,Partner Z
T00692,2022-11-23,741.2,515.32,Service C,Partner Y
T00693,2022-11-24,689.16,308.88,Service A,Partner Z
T00694,2022-11-25,3274.5,2054.29,Service A,Partner Y
T00695,2022-11-26,2075.59,1167.62,Service C,Partner Z
T00696,2022-11-27,1767.68,919.72,Service D,Partner X
T00697,2022-11-28,1438.86,1055.79,Service D,Partner Y
T00698,2022-11-29,2853.87,1527.69,Service A,Partner Y
T00699,2022-11-30,3932.42,2131.16,Service B,Partner Y
T00700,2022-12-01,873.31,623.5,Service D,Partner Z
T00701,2022-12-02,1982.49,1152.92,Service C,Partner Z
T00702,2022-12-03,899.25,376.83,Service A,Partner X
T00703,2022-12-04,4422.2,2513.92,Service D,Partner Z
T00704,2022-12-05,4116.13,2177.3,Service D,Partner Z
T00705,2022-12-06,3164.08,1492.51,Service C,Partner Y
T00706,2022-12-07,4809.48,2262.83,Service C,Partner Y
T00707,2022-12-08,2415.55,1879.66,Service A,Partner Y
T00708,2022-12-09,4157.27,2709.96,Service D,Partner W
T00709,2022-12-10,4460.34,2385.4,Service C,Partner X
T00710,2022-12-11,2357.8,1113.86,Service A,Partner X
T00711,2022-12-12,4735.85,3042.57,Service B,Partner Y
T00712,2022-12-13,4793.23,3155.99,Service B,Partner Y
T00713,2022-12-14,4614.64,3251.12,Service A,Partner W
T00714,2022-12-15,1702.88,843.8,Service D,Partner W
T00715,2022-12-16,912.61,661.15,Service B,Partner X
T00716,2022-12-17,4773.86,2439.28,Service D,Partner X
T00717,2022-12-18,1716.47,1113.8,Service C,Partner Z
T00718,2022-12-19,4697.29,2161.7,Service D,Partner Z
T00719,2022-12-20,3612.66,1540.88,Service C,Partner Z
T00720,2022-12-21,955.88,489.57,Service C,Partner Z
T00721,2022-12-22,4176.48,1699.15,Service A,Partner W
T00722,2022-12-23,2868.72,2116.54,Service B,Partner W
T00723,2022-12-24,4863.82,3486.01,Service B,Partner X
T00724,2022-12-25,3161.7,2108.53,Service D,Partner W
T00725,2022-12-26,909.38,724.79,Service A,Partner X
T00726,2022-12-27,3005.95,2142.79,Service D,Partner W
T00727,2022-12-28,4522.22,3387.33,Service D,Partner X
T00728,2022-12-29,3619.8,2297.96,Service A,Partner Z
T00729,2022-12-30,3050.32,1256.14,Service C,Partner W
T00730,2022-12-31,1553.08,1007.02,Service D,Partner Z
T00731,2022-01-01,1669.79,1030.08,Service D,Partner X
T00732,2022-01-02,2482.72,1453.05,Service A,Partner Y
T00733,2022-01-03,3293.1,2550.02,Service C,Partner X
T00734,2022-01-04,4942.7,3078.99,Service C,Partner W
T00735,2022-01-05,1770.49,1271.52,Service A,Partner X
T00736,2022-01-06,2650.8,1846.11,Service B,Partner X
T00737,2022-01-07,4245.46,2171.78,Service C,Partner W
T00738,2022-01-08,2915.96,2039.8,Service C,Partner X
T00739,2022-01-09,4548.06,2061.59,Service D,Partner Z
T00740,2022-01-10,4273.17,2084.61,Service A,Partner W
T00741,2022-01-11,3765.46,1901.43,Service A,Partner X
T00742,2022-01-12,4285.22,2483.37,Service C,Partner Y
T00743,2022-01-13,1026.66,775.78,Service A,Partner X
T00744,2022-01-14,3379.67,1903.17,Service A,Partner Y
T00745,2022-01-15,4571.08,3028.84,Service D,Partner X
T00746,2022-01-16,1917.19,1061.26,Service C,Partner W
T00747,2022-01-17,3458.39,2523.18,Service A,Partner X
T00748,2022-01-18,3758.26,1723.93,Service D,Partner Y
T00749,2022-01-19,2306.79,1788.91,Service D,Partner Y
T00750,2022-01-20,1820.35,1282.41,Service C,Partner Z
T00751,2022-01-21,830.04,653.15,Service C,Partner Z
T00752,2022-01-22,1457.89,774.02,Service A,Partner X
T00753,2022-01-23,3281.19,2289.13,Service C,Partner Z
T00754,2022-01-24,930.7,579.17,Service D,Partner Y
T00755,2022-01-25,2517.42,1141.27,Service B,Partner Y
T00756,2022-01-26,1766.01,1143.57,Service C,Partner W
T00757,2022-01-27,3180.86,1701.2,Service A,Partner W
T00758,2022-01-28,4298.23,2847.37,Service D,Partner W
T00759,2022-01-29,2572.22,1220.12,Service C,Partner Z
T00760,2022-01-30,521.6,349.4,Service C,Partner Y
T00761,2022-01-31,3785.75,2856.0,Service C,Partner Z
T00762,2022-02-01,4467.37,1910.05,Service A,Partner W
T00763,2022-02-02,994.76,508.34,Service A,Partner Y
T00764,2022-02-03,4134.57,2157.78,Service A,Partner W
T00765,2022-02-04,4190.14,2744.5,Service D,Partner Z
T00766,2022-02-05,1020.4,774.01,Service D,Partner Z
T00767,2022-02-06,3459.85,1645.6,Service A,Partner Y
T00768,2022-02-07,3798.39,1983.07,Service B,Partner X
T00769,2022-02-08,4321.75,3430.51,Service C,Partner Z
T00770,2022-02-09,3581.83,2503.65,Service B,Partner X
T00771,2022-02-10,4921.2,2583.79,Service D,Partner X
T00772,2022-02-11,2747.9,1688.65,Service D,Partner W
T00773,2022-02-12,2515.26,1618.54,Service D,Partner X
T00774,2022-02-13,4798.77,2293.05,Service A,Partner W
T00775,2022-02-14,3573.05,1800.3,Service C,Partner W
T00776,2022-02-15,1331.44,726.65,Service B,Partner Z
T00777,2022-02-16,1436.35,749.7,Service D,Partner Y
T00778,2022-02-17,1542.06,646.01,Service A,Partner Z
T00779,2022-02-18,2617.04,1317.03,Service C,Partner Z
T00780,2022-02-19,4102.82,2902.6,Service C,Partner Z
T00781,2022-02-20,2111.62,1536.02,Service C,Partner W
T00782,2022-02-21,1705.88,777.43,Service C,Partner X
T00783,2022-02-22,520.65,225.88,Service B,Partner X
T00784,2022-02-23,4443.8,2778.38,Service B,Partner Z
T00785,2022-02-24,3429.12,1961.16,Service C,Partner X
T00786,2022-02-25,2794.72,1450.6,Service B,Partner Z
T00787,2022-02-26,1186.86,865.03,Service D,Partner X
T00788,2022-02-27,1413.25,590.58,Service C,Partner X
T00789,2022-02-28,2450.66,1095.58,Service A,Partner Y
T00790,2022-03-01,2642.97,1864.73,Service B,Partner Y
T00791,2022-03-02,3920.58,2243.93,Service A,Partner Y
T00792,2022-03-03,3924.81,2480.46,Service A,Partner W
T00793,2022-03-04,4839.72,2536.05,Service B,Partner X
T00794,2022-03-05,4210.1,1725.82,Service D,Partner Y
T00795,2022-03-06,3342.46,2296.39,Service D,Partner X
T00796,2022-03-07,2582.53,1659.09,Service B,Partner Z
T00797,2022-03-08,3584.06,1856.62,Service D,Partner Z
T00798,2022-03-09,2893.73,1948.89,Service B,Partner Y
T00799,2022-03-10,2620.36,1288.57,Service D,Partner Z
T00800,2022-03-11,1795.2,898.4,Service B,Partner Z
T00801,2022-03-12,3487.5,2363.24,Service D,Partner Y
T00802,2022-03-13,4593.07,3554.02,Service A,Partner Z
T00803,2022-03-14,581.48,301.39,Service C,Partner Z
T00804,2022-03-15,2502.11,1807.83,Service D,Partner X
T00805,2022-03-16,3139.27,2203.66,Service C,Partner X
T00806,2022-03-17,4172.32,2351.53,Service C,Partner X
T00807,2022-03-18,4499.6,3434.74,Service A,Partner X
T00808,2022-03-19,4401.9,3440.49,Service B,Partner X
T00809,2022-03-20,2755.98,1343.32,Service C,Partner X
T00810,2022-03-21,3734.34,1599.79,Service B,Partner W
T00811,2022-03-22,711.54,531.31,Service D,Partner Z
T00812,2022-03-23,2067.6,1652.99,Service C,Partner W
T00813,2022-03-24,4533.89,2365.0,Service D,Partner X
T00814,2022-03-25,4980.74,3607.43,Service C,Partner X
T00815,2022-03-26,3455.57,2144.14,Service D,Partner X
T00816,2022-03-27,2326.55,1620.26,Service D,Partner Y
T00817,2022-03-28,2710.68,1729.33,Service C,Partner Z
T00818,2022-03-29,1548.69,1049.47,Service B,Partner X
T00819,2022-03-30,1076.23,677.54,Service C,Partner Z
T00820,2022-03-31,2575.65,1640.53,Service D,Partner Z
T00821,2022-04-01,1474.3,1098.89,Service C,Partner W
T00822,2022-04-02,2567.18,1405.46,Service B,Partner Y
T00823,2022-04-03,652.63,462.59,Service D,Partner Z
T00824,2022-04-04,3804.56,2377.03,Service C,Partner Z
T00825,2022-04-05,4303.91,3269.56,Service D,Partner X
T00826,2022-04-06,2749.56,1176.69,Service C,Partner Y
T00827,2022-04-07,4771.17,1970.68,Service B,Partner X
T00828,2022-04-08,2091.05,1201.73,Service D,Partner Z
T00829,2022-04-09,1225.65,710.35,Service A,Partner Y
T00830,2022-04-10,1472.78,1039.52,Service A,Partner Z
T00831,2022-04-11,2038.92,1133.03,Service B,Partner W
T00832,2022-04-12,1359.93,834.35,Service D,Partner X
T00833,2022-04-13,3404.36,1417.87,Service C,Partner W
T00834,2022-04-14,1222.28,496.05,Service A,Partner Z
T00835,2022-04-15,4006.21,1761.38,Service D,Partner W
T00836,2022-04-16,4800.06,3311.48,Service D,Partner Y
T00837,2022-04-17,4776.4,2529.16,Service C,Partner W
T00838,2022-04-18,2710.61,1724.0,Service D,Partner Y
T00839,2022-04-19,512.26,258.0,Service A,Partner Y
T00840,2022-04-20,1274.06,630.65,Service A,Partner W
T00841,2022-04-21,4945.97,2997.22,Service D,Partner Y
T00842,2022-04-22,4303.0,2008.83,Service C,Partner Y
T00843,2022-04-23,730.02,302.48,Service D,Partner W
T00844,2022-04-24,2774.65,1619.72,Service D,Partner W
T00845,2022-04-25,4775.33,2597.01,Service D,Partner Y
T00846,2022-04-26,3892.4,2045.27,Service A,Partner Y
T00847,2022-04-27,3105.94,1560.19,Service C,Partner X
T00848,2022-04-28,4630.83,3491.41,Service B,Partner Y
T00849,2022-04-29,2946.94,1954.99,Service D,Partner Y
T00850,2022-04-30,1839.4,1041.71,Service D,Partner Z
T00851,2022-05-01,4076.6,2796.95,Service A,Partner Y
T00852,2022-05-02,1205.48,517.98,Service C,Partner Z
T00853,2022-05-03,3001.5,2034.92,Service A,Partner W
T00854,2022-05-04,3308.34,1833.21,Service B,Partner W
T00855,2022-05-05,3756.65,2203.88,Service C,Partner W
T00856,2022-05-06,3633.0,2592.53,Service B,Partner W
T00857,2022-05-07,3104.65,2311.99,Service B,Partner Y
T00858,2022-05-08,3363.25,2033.36,Service A,Partner Y
T00859,2022-05-09,4301.58,1756.13,Service C,Partner X
T00860,2022-05-10,1774.34,999.36,Service B,Partner W
T00861,2022-05-11,946.14,605.81,Service A,Partner Z
T00862,2022-05-12,2736.17,2175.12,Service D,Partner Y
T00863,2022-05-13,995.57,730.12,Service C,Partner X
T00864,2022-05-14,568.55,448.28,Service C,Partner Y
T00865,2022-05-15,2102.71,1508.63,Service C,Partner W
T00866,2022-05-16,3315.08,1969.9,Service B,Partner X
T00867,2022-05-17,2842.14,1450.61,Service A,Partner X
T00868,2022-05-18,4937.88,3594.25,Service C,Partner W
T00869,2022-05-19,1013.13,810.13,Service B,Partner Z
T00870,2022-05-20,2252.34,1556.04,Service A,Partner Z
T00871,2022-05-21,3786.42,2519.15,Service C,Partner X
T00872,2022-05-22,3816.54,2847.94,Service B,Partner Z
T00873,2022-05-23,3995.51,1721.16,Service C,Partner X
T00874,2022-05-24,1286.66,669.7,Service D,Partner W
T00875,2022-05-25,576.74,334.91,Service D,Partner W
T00876,2022-05-26,884.4,560.16,Service D,Partner X
T00877,2022-05-27,4027.3,2927.57,Service B,Partner X
T00878,2022-05-28,2458.45,1655.0,Service D,Partner Y
T00879,2022-05-29,3127.71,2070.84,Service C,Partner X
T00880,2022-05-30,2098.93,1625.3,Service A,Partner Z
T00881,2022-05-31,2466.89,1720.63,Service B,Partner W
T00882,2022-06-01,2060.77,1566.39,Service A,Partner Y
T00883,2022-06-02,1228.95,498.78,Service A,Partner X
T00884,2022-06-03,1605.49,664.57,Service C,Partner X
T00885,2022-06-04,2933.68,2317.06,Service C,Partner Y
T00886,2022-06-05,1936.83,788.31,Service B,Partner Y
T00887,2022-06-06,1634.04,959.02,Service B,Partner Z
T00888,2022-06-07,4861.38,2410.85,Service A,Partner Y
T00889,2022-06-08,3743.47,2170.92,Service B,Partner X
T00890,2022-06-09,4797.86,2983.44,Service B,Partner Z
T00891,2022-06-10,1226.71,854.71,Service D,Partner W
T00892,2022-06-11,4303.38,3108.83,Service C,Partner Y
T00893,2022-06-12,2998.99,1859.96,Service B,Partner W
T00894,2022-06-13,3081.04,1507.83,Service D,Partner Z
T00895,2022-06-14,1670.32,1163.99,Service B,Partner X
T00896,2022-06-15,3904.32,3063.38,Service D,Partner Y
T00897,2022-06-16,4546.16,3575.99,Service A,Partner Z
T00898,2022-06-17,4045.62,1789.68,Service B,Partner Y
T00899,2022-06-18,1160.44,814.31,Service D,Partner Z
T00900,2022-06-19,3828.22,2291.43,Service D,Partner W
T00901,2022-06-20,3434.83,1964.31,Service A,Partner Z
T00902,2022-06-21,4731.84,2641.2,Service C,Partner X
T00903,2022-06-22,3140.61,2112.52,Service D,Partner Z
T00904,2022-06-23,602.93,478.26,Service C,Partner Y
T00905,2022-06-24,2989.8,1490.56,Service D,Partner W
T00906,2022-06-25,4506.49,1850.5,Service B,Partner X
T00907,2022-06-26,722.75,428.28,Service B,Partner W
T00908,2022-06-27,2274.55,1011.6,Service A,Partner W
T00909,2022-06-28,4746.03,2123.86,Service D,Partner X
T00910,2022-06-29,954.36,700.1,Service D,Partner X
T00911,2022-06-30,4264.34,2310.21,Service C,Partner Z
T00912,2022-07-01,2227.48,1063.94,Service C,Partner W
T00913,2022-07-02,3342.09,2616.45,Service B,Partner Z
T00914,2022-07-03,4336.32,3121.27,Service D,Partner Y
T00915,2022-07-04,4096.01,2209.73,Service A,Partner W
T00916,2022-07-05,3968.5,2254.96,Service A,Partner Y
T00917,2022-07-06,1575.01,1085.95,Service B,Partner Y
T00918,2022-07-07,4852.67,3767.94,Service C,Partner Z
T00919,2022-07-08,834.41,519.27,Service C,Partner W
T00920,2022-07-09,1922.12,1190.49,Service C,Partner Y
T00921,2022-07-10,1348.29,596.88,Service D,Partner Y
T00922,2022-07-11,2228.39,1740.74,Service C,Partner W
T00923,2022-07-12,4459.93,1915.17,Service C,Partner Y
T00924,2022-07-13,3224.15,2019.39,Service D,Partner W
T00925,2022-07-14,2457.71,1484.93,Service A,Partner Z
T00926,2022-07-15,4689.6,3536.79,Service B,Partner Z
T00927,2022-07-16,4462.57,3179.27,Service A,Partner W
T00928,2022-07-17,699.93,375.18,Service B,Partner Y
T00929,2022-07-18,4227.48,2008.88,Service D,Partner X
T00930,2022-07-19,3124.98,2004.38,Service C,Partner Z
T00931,2022-07-20,895.7,420.45,Service C,Partner Z
T00932,2022-07-21,4950.84,3345.42,Service D,Partner W
T00933,2022-07-22,3452.54,1797.21,Service A,Partner W
T00934,2022-07-23,3703.03,2465.71,Service C,Partner Z
T00935,2022-07-24,3121.84,2082.0,Service B,Partner Z
T00936,2022-07-25,3559.68,2419.33,Service D,Partner X
T00937,2022-07-26,4610.58,3115.53,Service C,Partner Z
T00938,2022-07-27,4290.35,3051.83,Service A,Partner Z
T00939,2022-07-28,1791.79,923.99,Service D,Partner W
T00940,2022-07-29,4020.3,1900.78,Service C,Partner Y
T00941,2022-07-30,3413.57,2284.84,Service B,Partner W
T00942,2022-07-31,3043.68,1590.57,Service B,Partner Y
T00943,2022-08-01,669.17,507.35,Service B,Partner Y
T00944,2022-08-02,3364.0,2124.74,Service A,Partner X
T00945,2022-08-03,767.7,385.4,Service B,Partner X
T00946,2022-08-04,1156.71,889.87,Service A,Partner Z
T00947,2022-08-05,1017.31,777.15,Service D,Partner Y
T00948,2022-08-06,2051.1,835.66,Service D,Partner Z
T00949,2022-08-07,1615.16,1223.4,Service D,Partner X
T00950,2022-08-08,3867.33,1559.98,Service A,Partner X
T00951,2022-08-09,2414.55,1398.69,Service B,Partner Y
T00952,2022-08-10,3253.01,1984.25,Service D,Partner Y
T00953,2022-08-11,1862.3,1442.12,Service D,Partner Y
T00954,2022-08-12,2613.15,1606.86,Service C,Partner Z
T00955,2022-08-13,2866.81,1323.43,Service C,Partner Z
T00956,2022-08-14,2105.1,1015.95,Service B,Partner W
T00957,2022-08-15,2835.42,1634.93,Service C,Partner X
T00958,2022-08-16,4621.2,2141.88,Service A,Partner Z
T00959,2022-08-17,3598.85,1623.56,Service D,Partner W
T00960,2022-08-18,3794.62,2941.52,Service C,Partner Z
T00961,2022-08-19,2994.04,2225.25,Service B,Partner W
T00962,2022-08-20,4089.6,2816.18,Service C,Partner X
T00963,2022-08-21,4914.8,2818.49,Service D,Partner Z
T00964,2022-08-22,2222.56,945.41,Service C,Partner Y
T00965,2022-08-23,2834.21,2160.15,Service D,Partner W
T00966,2022-08-24,3736.93,2729.49,Service B,Partner X
T00967,2022-08-25,1008.19,756.81,Service D,Partner Y
T00968,2022-08-26,3111.3,2464.36,Service B,Partner X
T00969,2022-08-27,4308.23,1888.39,Service B,Partner Z
T00970,2022-08-28,3086.29,1748.38,Service B,Partner W
T00971,2022-08-29,4731.33,2567.8,Service B,Partner W
T00972,2022-08-30,4011.44,2972.95,Service A,Partner X
T00973,2022-08-31,676.42,471.49,Service A,Partner W
T00974,2022-09-01,3134.87,2226.86,Service C,Partner Z
T00975,2022-09-02,3421.33,2714.24,Service B,Partner X
T00976,2022-09-03,1988.27,959.22,Service D,Partner W
T00977,2022-09-04,2921.16,1753.62,Service C,Partner Y
T00978,2022-09-05,4821.12,1992.56,Service B,Partner Y
T00979,2022-09-06,3739.07,2079.36,Service C,Partner Y
T00980,2022-09-07,3135.52,1715.4,Service A,Partner W
T00981,2022-09-08,3523.06,2194.35,Service A,Partner Z
T00982,2022-09-09,518.38,393.89,Service C,Partner W
T00983,2022-09-10,2307.45,1506.69,Service D,Partner Z
T00984,2022-09-11,4182.77,3341.4,Service B,Partner Y
T00985,2022-09-12,1442.6,1025.98,Service D,Partner W
T00986,2022-09-13,1859.75,744.94,Service A,Partner X
T00987,2022-09-14,1323.72,1002.15,Service B,Partner W
T00988,2022-09-15,4047.0,1619.64,Service C,Partner Y
T00989,2022-09-16,1617.69,838.06,Service D,Partner Z
T00990,2022-09-17,3148.02,1730.71,Service A,Partner X
T00991,2022-09-18,4681.24,3300.83,Service B,Partner Y
T00992,2022-09-19,1338.19,1008.35,Service A,Partner Z
T00993,2022-09-20,2957.18,1490.75,Service B,Partner W
T00994,2022-09-21,4904.01,2059.95,Service C,Partner X
T00995,2022-09-22,2607.36,1921.46,Service B,Partner W
T00996,2022-09-23,2735.99,1515.29,Service D,Partner Y
T00997,2022-09-24,1487.87,1170.57,Service A,Partner X
T00998,2022-09-25,4141.1,2357.77,Service A,Partner Y
T00999,2022-09-26,4502.8,2441.38,Service D,Partner Y
T01000,2022-09-27,2306.05,1750.14,Service D,Partner Z
